plotID,species,cover
SUF200001035014,ABBA,26.893939
SUF200001035014,BEPA,5.681818
SUF200001035014,PIBA2,9.469697
SUF200001035014,PIMA,16.287879
SUF200001035014,PIRE,1.893939
SUF200046012040,PIBA2,20.454546
SUF200046012040,PIMA,18.651515
SUF200046012040,PIRE,11.363636
SUF200046012040,POTR5,31.439394