plotID,species,cover
SUF200001035014,ABBA,26.893939
SUF200001035014,BEPA,5.681818
SUF200001035014,PIBA2,9.469697
SUF200001035014,PIMA,16.287879
SUF200001035014,PIRE,1.893939
SUF200046012040,PIBA2,16.287879
SUF200046012040,PIBA2,4.166667
SUF200046012040,PIMA,10.984848
SUF200046012040,PIMA,16.666667
SUF200046012040,PIRE,11.363636
SUF200046012040,POTR5,18.181818
SUF200046012040,POTR5,13.257576
