"round","var1","var2","nam","val"
"round1",22,33,"foo",0.176796685438603
"round2",11,44,"foo",0.704726429423317
"round1",22,33,"bar",0.555236368905753
"round2",11,44,"bar",0.487396984593943
