"round","var1","var2","nam","val"
"round1",22,33,"foo",0.0633046794682741
"round2",11,44,"foo",0.927172337193042
"round1",22,33,"bar",0.920958657283336
"round2",11,44,"bar",0.694111914606765
