"round","var1","var2","nam","val"
"round1",22,33,"foo",0.408929304685444
"round2",11,44,"foo",0.668916488764808
"round1",22,33,"bar",0.696558534167707
"round2",11,44,"bar",0.0930372558068484
