"round","var1","var2","nam","val"
"round1",22,33,"foo",0.539791945368052
"round2",11,44,"foo",0.523954682517797
"round1",22,33,"bar",0.222497510490939
"round2",11,44,"bar",0.707867651479319
