"round","var1","var2","nam","val"
"round1",22,33,"foo",0.865160305052996
"round2",11,44,"foo",0.591507401783019
"round1",22,33,"bar",0.860741579905152
"round2",11,44,"bar",0.691739624598995
