"round","var1","var2","nam","val"
"round1",22,33,"foo",0.590547773055732
"round2",11,44,"foo",0.258006874239072
"round1",22,33,"bar",0.816305097425357
"round2",11,44,"bar",0.0719141205772758
