"round","var1","var2","nam","val"
"round1",22,33,"foo",0.194593389285728
"round2",11,44,"foo",0.909935212694108
"round1",22,33,"bar",0.778546374524012
"round2",11,44,"bar",0.389523680321872
