"nam","val_round1","val_round2","var1_round1","var1_round2","var2_round1","var2_round2"
"bar",0.555236368905753,0.487396984593943,22,11,33,44
"foo",0.176796685438603,0.704726429423317,22,11,33,44
