"nam","val_round1","val_round2","var1_round1","var1_round2","var2_round1","var2_round2"
"bar",0.920958657283336,0.694111914606765,22,11,33,44
"foo",0.0633046794682741,0.927172337193042,22,11,33,44
