"nam","val_round1","val_round2","var1_round1","var1_round2","var2_round1","var2_round2"
"bar",0.696558534167707,0.0930372558068484,22,11,33,44
"foo",0.408929304685444,0.668916488764808,22,11,33,44
