"nam","val_round1","val_round2","var1_round1","var1_round2","var2_round1","var2_round2"
"bar",0.816305097425357,0.0719141205772758,22,11,33,44
"foo",0.590547773055732,0.258006874239072,22,11,33,44
