"nam","val_round1","val_round2","var1_round1","var1_round2","var2_round1","var2_round2"
"bar",0.778546374524012,0.389523680321872,22,11,33,44
"foo",0.194593389285728,0.909935212694108,22,11,33,44
