"nam","val_round1","val_round2","var1_round1","var1_round2","var2_round1","var2_round2"
"bar",0.860741579905152,0.691739624598995,22,11,33,44
"foo",0.865160305052996,0.591507401783019,22,11,33,44
