"nam","val_round1","val_round2","var1_round1","var1_round2","var2_round1","var2_round2"
"bar",0.222497510490939,0.707867651479319,22,11,33,44
"foo",0.539791945368052,0.523954682517797,22,11,33,44
