"Name","Total","col1","col2","col3","col4"
"A",43,0.0465116279069767,0.0697674418604651,0.0930232558139535,0
"B",56,0,0.0714285714285714,0,0
"C",98,0.0306122448979592,0,0,0.0306122448979592
