"Var","Mean"
"Passes",56.6666666666667
"Tackles",4.16666666666667
"Time",155.833333333333
