"id","week","prod","clnt","order"
8,9,7,1,9.46013070479967
1,8,8,5,6.91293061361648
3,8,2,6,5.11967598623596
6,9,8,4,3.29885941906832
4,8,7,1,7.47201026487164
7,9,2,6,5.16063540289178
2,8,8,4,7.34558305633254
5,9,8,5,9.41205022437498
