"id","week","prod","clnt","order"
8,10,7,1,9.46013070479967
1,10,8,5,6.91293061361648
3,11,2,6,5.11967598623596
6,11,8,4,3.29885941906832
