"prod","clnt","mean.order"
2,6,5.14015569456387
7,1,8.46607048483565
8,4,5.32222123770043
8,5,8.16249041899573
