"name1","con1","con2"
"a",26.3333333333333,30.5
"b",27,26.5
"c",29,31.5
"d",29,23
"e",24.6666666666667,27.5
