"ID","MGW"
"A",15.6666666666667
"B",-1.10333333333333
"C",-4.98333333333333
