"gear","0","1"
4,160,152.066666666667
5,265.666666666667,95.1
