"GeneID","pt.num","D","T","Ratio"
1266.6,"1",213.8,1337.9,0.159802675835264
2120.8,"1",480.3,1694.6,0.283429717927535
8876.5,"1",510.5,4318.3,0.118217817196582
