"Test","temperature_sensor1","temperature_sensor2","pressure_sensor1","pressure_sensor2"
1,30.6841910665144,23.8244193547768,12.1527007663291,10.1481842560524
2,16.8066505211259,28.433714303216,7.36302023677935,10.723667755041
3,26.0055293910786,17.6030956036919,12.3416881310968,12.1995321682383
4,26.8937839517557,31.0923778708892,8.45376339784815,12.1883018481837
5,26.5875286292214,24.2930663722495,10.8294557172026,11.9104622242912
6,19.5094304022042,15.4685307497705,7.06369128666596,7.8388597810651
