"name1","con1","con2"
"a",26,34.3333333333333
"b",27,37.3333333333333
"c",26.3333333333333,43.3333333333333
