"Var","X0","X1"
"c_Al",1965.833333,1719.5
"c_D",2402,1605.6
"c_Hy",1643.333333,2060.8
